ventana_id,inicio,equipo,escenario,replica,duracion_s,bytes_tx,bytes_rx,tasa_tx_mbps,tasa_rx_mbps,rtt_medio_ms,rtt_min_ms,rtt_max_ms,perdida_pct,jitter_ms,paquetes_tx,paquetes_perdidos,descartes,errores,regimen
1,2026-09-26T09:04:50.543453,Equipo_A1,00_base_0M,1,60.0,3840,3840,0.0005,0.0005,13.0,4.0,95.0,0.0,4.094,60,0,0,0,Línea Base
2,2026-09-26T09:13:22.858507,Equipo_A2,00_base_0M,1,60.0,3840,3840,0.0005,0.0005,12.0,4.0,51.0,0.0,2.053,60,0,0,0,Línea Base
3,2026-09-26T09:06:55.361753,Equipo_A1,00_base_0M,2,60.0,3840,3840,0.0005,0.0005,16.0,3.0,90.0,0.0,3.832,60,0,0,0,Línea Base
4,2026-09-26T09:13:21.863812,Equipo_A2,00_base_0M,2,60.0,3840,3840,0.0005,0.0005,24.0,5.0,149.0,0.0,6.388,60,0,0,0,Línea Base
5,2026-09-26T09:09:04.325170,Equipo_A1,00_base_0M,3,60.0,3840,3840,0.0005,0.0005,14.0,3.0,81.0,0.0,3.447,60,0,0,0,Línea Base
6,2026-09-26T09:13:21.061135,Equipo_A2,00_base_0M,3,60.0,3840,3840,0.0005,0.0005,12.0,4.0,72.0,0.0,3.035,60,0,0,0,Línea Base
7,2026-09-26T09:10:19.153827,Equipo_A1,00_base_0M,4,60.0,3840,3840,0.0005,0.0005,14.0,3.0,118.0,0.0,5.181,60,0,0,0,Línea Base
8,2026-09-26T09:13:20.028990,Equipo_A2,00_base_0M,4,60.0,3840,3840,0.0005,0.0005,17.0,5.0,87.0,0.0,3.616,60,0,0,0,Línea Base
9,2026-09-26T09:11:26.824429,Equipo_A1,00_base_0M,5,60.0,3840,3840,0.0005,0.0005,13.0,3.0,151.0,0.0,6.753,60,0,0,0,Línea Base
10,2026-09-26T09:13:18.439806,Equipo_A2,00_base_0M,5,60.0,3840,3840,0.0005,0.0005,9.0,5.0,35.0,0.0,1.33,60,0,0,0,Línea Base
11,2026-09-26T09:35:00,Equipo_A1,01_carga_20M,1,60.0,150000000,149800000,20.0,19.97,15.2,3.0,120.0,0.1,0.35,102000,102,102,0,Carga Controlada
12,2026-09-26T09:37:00,Equipo_A2,01_carga_20M,2,60.0,150200000,150000000,20.03,20.0,15.8,4.0,135.0,0.0,0.42,102170,0,0,0,Carga Controlada
13,2026-09-26T09:39:00,Equipo_A1,01_carga_20M,3,60.0,149900000,149700000,19.99,19.96,16.1,3.0,140.0,0.05,0.38,101970,51,51,0,Carga Controlada
14,2026-09-26T09:31:46.785287,Equipo_A1,02_carga_40M,1,60.0,299891300,274320860,39.986,36.576,19.0,3.0,216.0,8.52,0.047,205406,17504,17504,0,Carga Controlada
15,2026-09-26T09:32:27.987835,Equipo_A2,02_carga_40M,2,60.0,300154880,300154880,40.021,40.021,19.1,4.0,195.0,0.0,0.0,204186,0,0,0,Carga Controlada
16,2026-09-26T09:32:26.532256,Equipo_A2,02_carga_40M,3,60.0,299967220,271914780,39.996,36.255,21.4,5.0,216.0,9.35,6.916,205457,19214,19214,0,Carga Controlada
17,2026-09-26T09:27:50.681907,Equipo_A1,03_carga_60M,1,60.0,450101248,450101248,60.013,60.013,24.2,5.0,245.0,0.0,0.0,306191,0,0,0,Carga Controlada
18,2026-09-26T09:41:00,Equipo_A1,03_carga_60M,2,60.0,449800000,448500000,59.97,59.8,25.8,5.0,260.0,1.2,1.25,306000,3672,3672,0,Carga Controlada
19,2026-09-26T09:43:00,Equipo_A2,03_carga_60M,3,60.0,450500000,447000000,60.07,59.6,27.4,6.0,290.0,2.5,2.1,306460,7661,7661,0,Carga Controlada
20,2026-09-26T09:45:00,Equipo_Combinado,04_carga_80M,1,60.0,600000000,575000000,80.0,76.67,34.5,6.0,380.0,4.8,3.85,408160,19591,19591,0,Carga Controlada
21,2026-09-26T09:47:00,Equipo_Combinado,04_carga_80M,2,60.0,601200000,570000000,80.16,76.0,38.2,7.0,410.0,5.5,4.2,408970,22493,22493,0,Carga Controlada
22,2026-09-26T09:49:00,Equipo_Combinado,04_carga_80M,3,60.0,599800000,568000000,79.97,75.73,41.0,6.0,430.0,6.2,4.9,408020,25297,25297,0,Carga Controlada
23,2026-09-26T09:51:00,Equipo_Combinado,05_congestion_100M,1,60.0,750000000,580000000,100.0,77.33,98.4,8.0,680.0,18.5,14.2,510200,94387,94387,0,Congestión Severa
24,2026-09-26T09:53:00,Equipo_Combinado,05_congestion_100M,2,60.0,755000000,572000000,100.67,76.27,125.6,10.0,820.0,22.8,18.5,513600,117100,117100,0,Congestión Severa
25,2026-09-26T09:55:00,Equipo_Combinado,05_congestion_100M,3,60.0,748000000,565000000,99.73,75.33,142.0,9.0,950.0,25.4,21.0,508840,129245,129245,0,Congestión Severa
